"year","institution","country","key","count","pc"
2015,"UNSW Sydney","au","closed",5484,62.6241863651936
2015,"UNSW Sydney","au","bronze",1005,11.4765330592669
2015,"UNSW Sydney","au","green",941,10.7456891629554
2015,"UNSW Sydney","au","gold",899,10.2660728560009
2015,"UNSW Sydney","au","hybrid",317,3.61996117391801
2015,"UNSW Sydney","au","diamond",111,1.2675573826653
2015,"The University of Melbourne","au","closed",5270,54.3354985050005
2015,"The University of Melbourne","au","bronze",1477,15.2283740591814
2015,"The University of Melbourne","au","gold",1235,12.7332714712857
2015,"The University of Melbourne","au","green",1128,11.63006495515
2015,"The University of Melbourne","au","hybrid",458,4.72213630271162
2015,"The University of Melbourne","au","diamond",131,1.35065470667079
2015,"The University of Sydney","au","closed",5635,58.2007849617848
2015,"The University of Sydney","au","bronze",1463,15.1105143565379
2015,"The University of Sydney","au","gold",1116,11.5265441024582
2015,"The University of Sydney","au","green",888,9.17165874819252
2015,"The University of Sydney","au","hybrid",406,4.19334848171865
2015,"The University of Sydney","au","diamond",174,1.79714934930799
2015,"The University of Queensland","au","closed",5476,60.5350431129781
2015,"The University of Queensland","au","gold",1120,12.381162944948
2015,"The University of Queensland","au","bronze",1100,12.1600707495025
2015,"The University of Queensland","au","green",918,10.1481317709485
2015,"The University of Queensland","au","hybrid",357,3.94649568870219
2015,"The University of Queensland","au","diamond",75,0.829095732920628
2015,"The University of Western Australia","au","closed",2493,51.2962962962963
2015,"The University of Western Australia","au","bronze",790,16.2551440329218
2015,"The University of Western Australia","au","green",672,13.8271604938272
2015,"The University of Western Australia","au","gold",611,12.5720164609053
2015,"The University of Western Australia","au","hybrid",224,4.60905349794239
2015,"The University of Western Australia","au","diamond",70,1.440329218107
2015,"Monash University","au","closed",4869,59.8819333415324
2015,"Monash University","au","bronze",1168,14.3647767802238
2015,"Monash University","au","gold",870,10.6997909236256
2015,"Monash University","au","green",806,9.91267986717501
2015,"Monash University","au","hybrid",321,3.94785389251015
2015,"Monash University","au","diamond",97,1.19296519493297
2015,"The University of Adelaide","au","closed",2750,60.4395604395604
2015,"The University of Adelaide","au","bronze",644,14.1538461538462
2015,"The University of Adelaide","au","gold",464,10.1978021978022
2015,"The University of Adelaide","au","green",435,9.56043956043956
2015,"The University of Adelaide","au","hybrid",185,4.06593406593407
2015,"The University of Adelaide","au","diamond",72,1.58241758241758
2015,"Australian National University","au","closed",2943,54.9785167195965
2015,"Australian National University","au","bronze",829,15.486643003923
2015,"Australian National University","au","green",764,14.2723706332897
2015,"Australian National University","au","gold",514,9.60209228470017
2015,"Australian National University","au","hybrid",200,3.73622267887166
2015,"Australian National University","au","diamond",103,1.92415467961891
2015,"University of Auckland","nz","closed",2764,63.8927415626445
2015,"University of Auckland","nz","bronze",494,11.419325011558
2015,"University of Auckland","nz","gold",459,10.6102635228849
2015,"University of Auckland","nz","green",411,9.50069348127601
2015,"University of Auckland","nz","hybrid",125,2.88950531668978
2015,"University of Auckland","nz","diamond",73,1.68747110494683
2015,"University of Otago","nz","closed",1724,59.5509499136442
2015,"University of Otago","nz","bronze",437,15.0949913644214
2015,"University of Otago","nz","gold",364,12.573402417962
2015,"University of Otago","nz","green",206,7.11571675302245
2015,"University of Otago","nz","hybrid",116,4.00690846286701
2015,"University of Otago","nz","diamond",48,1.6580310880829
2015,"Victoria University of Wellington","nz","closed",1240,66.3101604278075
2015,"Victoria University of Wellington","nz","green",208,11.1229946524064
2015,"Victoria University of Wellington","nz","bronze",206,11.0160427807487
2015,"Victoria University of Wellington","nz","gold",135,7.2192513368984
2015,"Victoria University of Wellington","nz","hybrid",53,2.83422459893048
2015,"Victoria University of Wellington","nz","diamond",28,1.49732620320856
2015,"Massey University","nz","closed",1051,63.8517618469016
2015,"Massey University","nz","bronze",176,10.6925880923451
2015,"Massey University","nz","green",166,10.0850546780073
2015,"Massey University","nz","gold",164,9.96354799513973
2015,"Massey University","nz","hybrid",62,3.76670716889429
2015,"Massey University","nz","diamond",27,1.64034021871203
2015,"University of Canterbury","nz","closed",861,61.3684960798289
2015,"University of Canterbury","nz","green",179,12.7583749109052
2015,"University of Canterbury","nz","bronze",144,10.263720598717
2015,"University of Canterbury","nz","gold",138,9.83606557377049
2015,"University of Canterbury","nz","hybrid",54,3.84889522451889
2015,"University of Canterbury","nz","diamond",27,1.92444761225944
2015,"Auckland University of Technology","nz","closed",690,64.6672914714152
2015,"Auckland University of Technology","nz","green",135,12.6522961574508
2015,"Auckland University of Technology","nz","gold",110,10.3092783505155
2015,"Auckland University of Technology","nz","bronze",79,7.40393626991565
2015,"Auckland University of Technology","nz","hybrid",27,2.53045923149016
2015,"Auckland University of Technology","nz","diamond",26,2.43673851921275
2015,"University of Waikato","nz","closed",627,60.1150527325024
2015,"University of Waikato","nz","green",184,17.6414189837009
2015,"University of Waikato","nz","bronze",85,8.14956855225311
2015,"University of Waikato","nz","gold",63,6.04026845637584
2015,"University of Waikato","nz","diamond",53,5.08149568552253
2015,"University of Waikato","nz","hybrid",31,2.97219558964525
2015,"Lincoln University","nz","closed",194,55.5873925501433
2015,"Lincoln University","nz","bronze",55,15.7593123209169
2015,"Lincoln University","nz","gold",48,13.7535816618911
2015,"Lincoln University","nz","green",32,9.16905444126074
2015,"Lincoln University","nz","hybrid",16,4.58452722063037
2015,"Lincoln University","nz","diamond",4,1.14613180515759
2016,"UNSW Sydney","au","closed",5426,60.4702997882536
2016,"UNSW Sydney","au","green",1143,12.7382146439318
2016,"UNSW Sydney","au","bronze",978,10.8993647609495
2016,"UNSW Sydney","au","gold",968,10.787919313496
2016,"UNSW Sydney","au","hybrid",358,3.98974701883428
2016,"UNSW Sydney","au","diamond",100,1.11445447453472
2016,"The University of Melbourne","au","closed",5030,49.4932598642133
2016,"The University of Melbourne","au","green",1582,15.5662698022238
2016,"The University of Melbourne","au","bronze",1463,14.3953557020565
2016,"The University of Melbourne","au","gold",1375,13.5294696447899
2016,"The University of Melbourne","au","hybrid",521,5.12643904358949
2016,"The University of Melbourne","au","diamond",192,1.88920594312703
2016,"The University of Sydney","au","closed",5736,56.2132497059976
2016,"The University of Sydney","au","bronze",1473,14.4355154841239
2016,"The University of Sydney","au","gold",1264,12.3872990983928
2016,"The University of Sydney","au","green",1127,11.0446883575069
2016,"The University of Sydney","au","hybrid",435,4.26303410427283
2016,"The University of Sydney","au","diamond",169,1.656213249706
2016,"The University of Queensland","au","closed",5326,57.9101881048168
2016,"The University of Queensland","au","gold",1208,13.1347178427748
2016,"The University of Queensland","au","green",1111,12.0800260954659
2016,"The University of Queensland","au","bronze",1091,11.8625638795259
2016,"The University of Queensland","au","hybrid",344,3.74035011416766
2016,"The University of Queensland","au","diamond",117,1.27215396324889
2016,"The University of Western Australia","au","closed",2518,47.8252611585945
2016,"The University of Western Australia","au","bronze",838,15.9164292497626
2016,"The University of Western Australia","au","green",834,15.8404558404558
2016,"The University of Western Australia","au","gold",732,13.9031339031339
2016,"The University of Western Australia","au","hybrid",244,4.6343779677113
2016,"The University of Western Australia","au","diamond",99,1.88034188034188
2016,"Monash University","au","closed",4798,56.693843790618
2016,"Monash University","au","bronze",1176,13.8957816377171
2016,"Monash University","au","green",1052,12.4305801725157
2016,"Monash University","au","gold",990,11.6979794399149
2016,"Monash University","au","hybrid",322,3.80479735318445
2016,"Monash University","au","diamond",125,1.47701760604986
2016,"The University of Adelaide","au","closed",2723,58.2210818901005
2016,"The University of Adelaide","au","bronze",607,12.9784049604447
2016,"The University of Adelaide","au","green",521,11.1396194141544
2016,"The University of Adelaide","au","gold",500,10.690613641223
2016,"The University of Adelaide","au","hybrid",215,4.59696386572589
2016,"The University of Adelaide","au","diamond",111,2.37331622835151
2016,"Australian National University","au","closed",2807,51.2506846813949
2016,"Australian National University","au","green",952,17.3817783458097
2016,"Australian National University","au","bronze",857,15.647252145335
2016,"Australian National University","au","gold",523,9.54902318787657
2016,"Australian National University","au","hybrid",228,4.16286288113931
2016,"Australian National University","au","diamond",110,2.0083987584444
2016,"University of Auckland","nz","closed",2828,59.8645215918713
2016,"University of Auckland","nz","bronze",578,12.2353937341236
2016,"University of Auckland","nz","green",541,11.4521591871296
2016,"University of Auckland","nz","gold",518,10.965283657917
2016,"University of Auckland","nz","hybrid",184,3.89500423370025
2016,"University of Auckland","nz","diamond",75,1.58763759525826
2016,"University of Otago","nz","closed",1729,58.4516565246788
2016,"University of Otago","nz","bronze",430,14.5368492224476
2016,"University of Otago","nz","gold",374,12.6436781609195
2016,"University of Otago","nz","green",245,8.28262339418526
2016,"University of Otago","nz","hybrid",119,4.02298850574713
2016,"University of Otago","nz","diamond",61,2.06220419202164
2016,"Victoria University of Wellington","nz","closed",1289,66.2044170518747
2016,"Victoria University of Wellington","nz","green",280,14.3810991268618
2016,"Victoria University of Wellington","nz","bronze",190,9.75860297894196
2016,"Victoria University of Wellington","nz","gold",103,5.29019003595275
2016,"Victoria University of Wellington","nz","hybrid",56,2.87621982537237
2016,"Victoria University of Wellington","nz","diamond",29,1.4894709809964
2016,"Massey University","nz","closed",1206,65.0485436893204
2016,"Massey University","nz","gold",193,10.4099244875944
2016,"Massey University","nz","bronze",170,9.16936353829558
2016,"Massey University","nz","green",168,9.06148867313916
2016,"Massey University","nz","hybrid",91,4.90830636461704
2016,"Massey University","nz","diamond",26,1.40237324703344
2016,"University of Canterbury","nz","closed",863,60.7746478873239
2016,"University of Canterbury","nz","green",187,13.169014084507
2016,"University of Canterbury","nz","bronze",149,10.4929577464789
2016,"University of Canterbury","nz","gold",123,8.66197183098592
2016,"University of Canterbury","nz","hybrid",76,5.35211267605634
2016,"University of Canterbury","nz","diamond",22,1.54929577464789
2016,"Auckland University of Technology","nz","closed",798,66.3893510815308
2016,"Auckland University of Technology","nz","green",164,13.6439267886855
2016,"Auckland University of Technology","nz","gold",103,8.56905158069883
2016,"Auckland University of Technology","nz","bronze",80,6.65557404326123
2016,"Auckland University of Technology","nz","hybrid",37,3.07820299500832
2016,"Auckland University of Technology","nz","diamond",20,1.66389351081531
2016,"University of Waikato","nz","closed",597,55.0738007380074
2016,"University of Waikato","nz","green",223,20.5719557195572
2016,"University of Waikato","nz","bronze",94,8.67158671586716
2016,"University of Waikato","nz","gold",75,6.91881918819188
2016,"University of Waikato","nz","diamond",50,4.61254612546125
2016,"University of Waikato","nz","hybrid",45,4.15129151291513
2016,"Lincoln University","nz","closed",241,57.1090047393365
2016,"Lincoln University","nz","bronze",59,13.9810426540284
2016,"Lincoln University","nz","gold",54,12.7962085308057
2016,"Lincoln University","nz","hybrid",39,9.24170616113744
2016,"Lincoln University","nz","green",25,5.92417061611374
2016,"Lincoln University","nz","diamond",4,0.947867298578199
2017,"UNSW Sydney","au","closed",5456,57.5466722919523
2017,"UNSW Sydney","au","green",1378,14.5343318215378
2017,"UNSW Sydney","au","gold",1202,12.6779875540555
2017,"UNSW Sydney","au","bronze",972,10.2520831135956
2017,"UNSW Sydney","au","hybrid",345,3.6388566606898
2017,"UNSW Sydney","au","diamond",128,1.35006855816897
2017,"The University of Melbourne","au","closed",5177,47.6221138809677
2017,"The University of Melbourne","au","green",1788,16.44742893938
2017,"The University of Melbourne","au","gold",1598,14.6996596449269
2017,"The University of Melbourne","au","bronze",1573,14.4696900009199
2017,"The University of Melbourne","au","hybrid",520,4.78336859534541
2017,"The University of Melbourne","au","diamond",215,1.97773893846012
2017,"The University of Sydney","au","closed",5703,53.1797836628124
2017,"The University of Sydney","au","bronze",1524,14.2111152555017
2017,"The University of Sydney","au","gold",1497,13.9593435285341
2017,"The University of Sydney","au","green",1374,12.8123834390153
2017,"The University of Sydney","au","hybrid",434,4.04699738903394
2017,"The University of Sydney","au","diamond",192,1.79037672510257
2017,"The University of Queensland","au","closed",5226,56.3450134770889
2017,"The University of Queensland","au","gold",1429,15.4070080862534
2017,"The University of Queensland","au","bronze",1075,11.5902964959569
2017,"The University of Queensland","au","green",1071,11.5471698113208
2017,"The University of Queensland","au","hybrid",344,3.7088948787062
2017,"The University of Queensland","au","diamond",130,1.40161725067385
2017,"The University of Western Australia","au","closed",2545,47.9645684131172
2017,"The University of Western Australia","au","green",881,16.6038447041086
2017,"The University of Western Australia","au","gold",785,14.794572182435
2017,"The University of Western Australia","au","bronze",784,14.7757255936675
2017,"The University of Western Australia","au","hybrid",231,4.35356200527704
2017,"The University of Western Australia","au","diamond",80,1.50772710139465
2017,"Monash University","au","closed",5345,54.9557886078552
2017,"Monash University","au","bronze",1429,14.6925765988073
2017,"Monash University","au","green",1246,12.8110220028789
2017,"Monash University","au","gold",1198,12.317499485914
2017,"Monash University","au","hybrid",364,3.74254575365001
2017,"Monash University","au","diamond",144,1.48056755089451
2017,"The University of Adelaide","au","closed",2530,54.9522154648132
2017,"The University of Adelaide","au","bronze",615,13.3579496090356
2017,"The University of Adelaide","au","gold",614,13.3362293657689
2017,"The University of Adelaide","au","green",545,11.8375325803649
2017,"The University of Adelaide","au","hybrid",204,4.43092962641182
2017,"The University of Adelaide","au","diamond",96,2.08514335360556
2017,"Australian National University","au","closed",2605,47.0471374390464
2017,"Australian National University","au","green",1065,19.2342423695142
2017,"Australian National University","au","bronze",922,16.6516163987719
2017,"Australian National University","au","gold",570,10.2943832400217
2017,"Australian National University","au","hybrid",269,4.85822647643128
2017,"Australian National University","au","diamond",106,1.91439407621456
2017,"University of Auckland","nz","closed",2659,57.0845856590812
2017,"University of Auckland","nz","gold",593,12.7307857449549
2017,"University of Auckland","nz","green",590,12.6663804207815
2017,"University of Auckland","nz","bronze",538,11.5500214684414
2017,"University of Auckland","nz","hybrid",208,4.46543580936024
2017,"University of Auckland","nz","diamond",70,1.50279089738085
2017,"University of Otago","nz","closed",1771,55.6393339616714
2017,"University of Otago","nz","gold",496,15.5827835375432
2017,"University of Otago","nz","bronze",386,12.1269242852655
2017,"University of Otago","nz","green",312,9.80207351555137
2017,"University of Otago","nz","hybrid",155,4.86961985548225
2017,"University of Otago","nz","diamond",63,1.97926484448633
2017,"Victoria University of Wellington","nz","closed",1342,62.7983153954141
2017,"Victoria University of Wellington","nz","green",300,14.0383715489003
2017,"Victoria University of Wellington","nz","bronze",204,9.54609265325222
2017,"Victoria University of Wellington","nz","gold",172,8.04866635470285
2017,"Victoria University of Wellington","nz","hybrid",77,3.60318203088442
2017,"Victoria University of Wellington","nz","diamond",42,1.96537201684605
2017,"Massey University","nz","closed",1242,61.6683217477656
2017,"Massey University","nz","gold",257,12.7606752730884
2017,"Massey University","nz","bronze",191,9.48361469712016
2017,"Massey University","nz","green",191,9.48361469712016
2017,"Massey University","nz","hybrid",94,4.66732869910626
2017,"Massey University","nz","diamond",39,1.9364448857994
2017,"University of Canterbury","nz","closed",850,56.1797752808989
2017,"University of Canterbury","nz","green",212,14.0118968935889
2017,"University of Canterbury","nz","gold",186,12.2934567085261
2017,"University of Canterbury","nz","bronze",136,8.98876404494382
2017,"University of Canterbury","nz","hybrid",95,6.27891606080634
2017,"University of Canterbury","nz","diamond",34,2.24719101123596
2017,"Auckland University of Technology","nz","closed",827,61.1686390532544
2017,"Auckland University of Technology","nz","green",188,13.905325443787
2017,"Auckland University of Technology","nz","gold",159,11.7603550295858
2017,"Auckland University of Technology","nz","bronze",91,6.73076923076923
2017,"Auckland University of Technology","nz","hybrid",50,3.69822485207101
2017,"Auckland University of Technology","nz","diamond",37,2.73668639053254
2017,"University of Waikato","nz","closed",1341,70.2094240837696
2017,"University of Waikato","nz","green",241,12.6178010471204
2017,"University of Waikato","nz","gold",109,5.70680628272251
2017,"University of Waikato","nz","bronze",92,4.81675392670157
2017,"University of Waikato","nz","hybrid",64,3.35078534031414
2017,"University of Waikato","nz","diamond",63,3.29842931937173
2017,"Lincoln University","nz","closed",258,57.9775280898876
2017,"Lincoln University","nz","gold",62,13.9325842696629
2017,"Lincoln University","nz","bronze",49,11.0112359550562
2017,"Lincoln University","nz","hybrid",34,7.64044943820225
2017,"Lincoln University","nz","green",31,6.96629213483146
2017,"Lincoln University","nz","diamond",11,2.47191011235955
2018,"UNSW Sydney","au","closed",5175,53.0878128846943
2018,"UNSW Sydney","au","green",1497,15.3569963069348
2018,"UNSW Sydney","au","gold",1360,13.9515798112433
2018,"UNSW Sydney","au","bronze",1150,11.7972917521543
2018,"UNSW Sydney","au","hybrid",402,4.12392285597046
2018,"UNSW Sydney","au","diamond",164,1.68239638900287
2018,"The University of Melbourne","au","closed",5312,46.4376256665792
2018,"The University of Melbourne","au","green",1837,16.0590960748317
2018,"The University of Melbourne","au","gold",1836,16.0503540519276
2018,"The University of Melbourne","au","bronze",1571,13.7337179823411
2018,"The University of Melbourne","au","hybrid",670,5.85715534574701
2018,"The University of Melbourne","au","diamond",213,1.8620508785733
2018,"The University of Sydney","au","closed",5849,52.251206003216
2018,"The University of Sydney","au","bronze",1679,14.9991066642844
2018,"The University of Sydney","au","gold",1662,14.8472395926389
2018,"The University of Sydney","au","green",1331,11.890298374129
2018,"The University of Sydney","au","hybrid",503,4.4934786492764
2018,"The University of Sydney","au","diamond",170,1.51867071645524
2018,"The University of Queensland","au","closed",5178,53.5415158721952
2018,"The University of Queensland","au","gold",1545,15.9755971461069
2018,"The University of Queensland","au","bronze",1207,12.4806121393858
2018,"The University of Queensland","au","green",1136,11.7464584841278
2018,"The University of Queensland","au","hybrid",433,4.47730327784097
2018,"The University of Queensland","au","diamond",172,1.77851308034329
2018,"The University of Western Australia","au","closed",2652,48.2181818181818
2018,"The University of Western Australia","au","green",869,15.8
2018,"The University of Western Australia","au","gold",853,15.5090909090909
2018,"The University of Western Australia","au","bronze",784,14.2545454545455
2018,"The University of Western Australia","au","hybrid",254,4.61818181818182
2018,"The University of Western Australia","au","diamond",88,1.6
2018,"Monash University","au","closed",5164,51.7331196153076
2018,"Monash University","au","green",1435,14.3758765778401
2018,"Monash University","au","bronze",1418,14.2055700260469
2018,"Monash University","au","gold",1370,13.7247044680425
2018,"Monash University","au","hybrid",443,4.43798837908235
2018,"Monash University","au","diamond",152,1.52274093368063
2018,"The University of Adelaide","au","closed",2568,53.8364779874214
2018,"The University of Adelaide","au","gold",709,14.8637316561845
2018,"The University of Adelaide","au","bronze",638,13.3752620545073
2018,"The University of Adelaide","au","green",534,11.1949685534591
2018,"The University of Adelaide","au","hybrid",210,4.40251572327044
2018,"The University of Adelaide","au","diamond",111,2.32704402515723
2018,"Australian National University","au","closed",2654,48.0622962694676
2018,"Australian National University","au","green",1085,19.6486780152119
2018,"Australian National University","au","bronze",824,14.9221296631655
2018,"Australian National University","au","gold",593,10.7388627308946
2018,"Australian National University","au","hybrid",245,4.43679826149946
2018,"Australian National University","au","diamond",121,2.19123505976096
2018,"University of Auckland","nz","closed",2787,56.4741641337386
2018,"University of Auckland","nz","gold",673,13.6372847011145
2018,"University of Auckland","nz","green",612,12.4012158054711
2018,"University of Auckland","nz","bronze",564,11.4285714285714
2018,"University of Auckland","nz","hybrid",204,4.13373860182371
2018,"University of Auckland","nz","diamond",95,1.92502532928065
2018,"University of Otago","nz","closed",1730,53.8940809968847
2018,"University of Otago","nz","gold",548,17.0716510903427
2018,"University of Otago","nz","bronze",427,13.3021806853583
2018,"University of Otago","nz","green",315,9.81308411214953
2018,"University of Otago","nz","hybrid",123,3.83177570093458
2018,"University of Otago","nz","diamond",67,2.08722741433022
2018,"Victoria University of Wellington","nz","closed",1249,59.6751075011945
2018,"Victoria University of Wellington","nz","green",349,16.674629718108
2018,"Victoria University of Wellington","nz","gold",188,8.98232202580029
2018,"Victoria University of Wellington","nz","bronze",172,8.21786908743431
2018,"Victoria University of Wellington","nz","hybrid",78,3.72670807453416
2018,"Victoria University of Wellington","nz","diamond",57,2.72336359292881
2018,"Massey University","nz","closed",1104,57.8616352201258
2018,"Massey University","nz","gold",279,14.622641509434
2018,"Massey University","nz","green",201,10.5345911949686
2018,"Massey University","nz","bronze",189,9.90566037735849
2018,"Massey University","nz","hybrid",83,4.35010482180294
2018,"Massey University","nz","diamond",52,2.72536687631027
2018,"University of Canterbury","nz","closed",926,57.6228998133167
2018,"University of Canterbury","nz","green",221,13.7523335407592
2018,"University of Canterbury","nz","gold",209,13.005600497822
2018,"University of Canterbury","nz","bronze",153,9.52084629744866
2018,"University of Canterbury","nz","hybrid",59,3.67143746110765
2018,"University of Canterbury","nz","diamond",39,2.42688238954574
2018,"Auckland University of Technology","nz","closed",824,60.9467455621302
2018,"Auckland University of Technology","nz","gold",180,13.3136094674556
2018,"Auckland University of Technology","nz","green",151,11.1686390532544
2018,"Auckland University of Technology","nz","bronze",108,7.98816568047337
2018,"Auckland University of Technology","nz","hybrid",49,3.62426035502959
2018,"Auckland University of Technology","nz","diamond",40,2.9585798816568
2018,"University of Waikato","nz","closed",653,56.9311246730602
2018,"University of Waikato","nz","green",231,20.1394943330427
2018,"University of Waikato","nz","gold",106,9.24149956408021
2018,"University of Waikato","nz","bronze",78,6.80034873583261
2018,"University of Waikato","nz","hybrid",49,4.2720139494333
2018,"University of Waikato","nz","diamond",30,2.615518744551
2018,"Lincoln University","nz","closed",275,59.5238095238095
2018,"Lincoln University","nz","gold",68,14.7186147186147
2018,"Lincoln University","nz","bronze",44,9.52380952380952
2018,"Lincoln University","nz","green",39,8.44155844155844
2018,"Lincoln University","nz","hybrid",27,5.84415584415584
2018,"Lincoln University","nz","diamond",9,1.94805194805195
2019,"UNSW Sydney","au","closed",5399,51.6107446706816
2019,"UNSW Sydney","au","gold",1645,15.7250740846955
2019,"UNSW Sydney","au","green",1628,15.5625657202944
2019,"UNSW Sydney","au","bronze",1158,11.0696874103814
2019,"UNSW Sydney","au","hybrid",449,4.29213268329988
2019,"UNSW Sydney","au","diamond",182,1.73979543064717
2019,"The University of Melbourne","au","closed",5629,44.9528829260502
2019,"The University of Melbourne","au","gold",2249,17.9603897141032
2019,"The University of Melbourne","au","green",2034,16.2434115955918
2019,"The University of Melbourne","au","bronze",1647,13.1528509822712
2019,"The University of Melbourne","au","hybrid",742,5.92557099504871
2019,"The University of Melbourne","au","diamond",221,1.76489378693499
2019,"The University of Sydney","au","closed",6560,52.6653821451509
2019,"The University of Sydney","au","gold",2078,16.6827231856134
2019,"The University of Sydney","au","bronze",1565,12.5642260757868
2019,"The University of Sydney","au","green",1494,11.9942196531792
2019,"The University of Sydney","au","hybrid",574,4.60822093770071
2019,"The University of Sydney","au","diamond",185,1.48522800256904
2019,"The University of Queensland","au","closed",5402,53.8530555278636
2019,"The University of Queensland","au","gold",1721,17.1568138769814
2019,"The University of Queensland","au","green",1183,11.7934403349616
2019,"The University of Queensland","au","bronze",1075,10.7167779882365
2019,"The University of Queensland","au","hybrid",475,4.73532050643007
2019,"The University of Queensland","au","diamond",175,1.74459176552687
2019,"The University of Western Australia","au","closed",2777,48.7706357569371
2019,"The University of Western Australia","au","gold",943,16.5612925886898
2019,"The University of Western Australia","au","green",859,15.0860554970144
2019,"The University of Western Australia","au","bronze",754,13.2420091324201
2019,"The University of Western Australia","au","hybrid",282,4.95258166491043
2019,"The University of Western Australia","au","diamond",79,1.3874253600281
2019,"Monash University","au","closed",5355,50.1310615989515
2019,"Monash University","au","gold",1763,16.5043999251077
2019,"Monash University","au","green",1480,13.8550833177308
2019,"Monash University","au","bronze",1407,13.1716906946265
2019,"Monash University","au","hybrid",499,4.67140984834301
2019,"Monash University","au","diamond",178,1.66635461524059
2019,"The University of Adelaide","au","closed",2753,53.76953125
2019,"The University of Adelaide","au","gold",809,15.80078125
2019,"The University of Adelaide","au","green",624,12.1875
2019,"The University of Adelaide","au","bronze",556,10.859375
2019,"The University of Adelaide","au","hybrid",268,5.234375
2019,"The University of Adelaide","au","diamond",110,2.1484375
2019,"Australian National University","au","closed",2664,46.6304918606686
2019,"Australian National University","au","green",1104,19.3243479782951
2019,"Australian National University","au","bronze",812,14.2131979695431
2019,"Australian National University","au","gold",684,11.9726938561176
2019,"Australian National University","au","hybrid",334,5.84631542096972
2019,"Australian National University","au","diamond",115,2.01295291440574
2019,"University of Auckland","nz","closed",3083,56.8504517794579
2019,"University of Auckland","nz","gold",837,15.4342614788862
2019,"University of Auckland","nz","green",600,11.0639867232159
2019,"University of Auckland","nz","bronze",498,9.18310898026922
2019,"University of Auckland","nz","hybrid",283,5.21851373778351
2019,"University of Auckland","nz","diamond",122,2.24967730038724
2019,"University of Otago","nz","closed",1794,53.0455351862803
2019,"University of Otago","nz","gold",628,18.5688941454761
2019,"University of Otago","nz","bronze",363,10.7332939089296
2019,"University of Otago","nz","green",313,9.25487876995861
2019,"University of Otago","nz","hybrid",209,6.17977528089888
2019,"University of Otago","nz","diamond",75,2.21762270845653
2019,"Victoria University of Wellington","nz","closed",1187,55.4154995331466
2019,"Victoria University of Wellington","nz","green",393,18.3473389355742
2019,"Victoria University of Wellington","nz","gold",236,11.0177404295051
2019,"Victoria University of Wellington","nz","bronze",200,9.33706816059757
2019,"Victoria University of Wellington","nz","hybrid",67,3.12791783380019
2019,"Victoria University of Wellington","nz","diamond",59,2.75443510737628
2019,"Massey University","nz","closed",1094,54.809619238477
2019,"Massey University","nz","gold",364,18.2364729458918
2019,"Massey University","nz","green",194,9.71943887775551
2019,"Massey University","nz","bronze",160,8.01603206412826
2019,"Massey University","nz","hybrid",133,6.66332665330661
2019,"Massey University","nz","diamond",51,2.55511022044088
2019,"University of Canterbury","nz","closed",891,55.2386856788593
2019,"University of Canterbury","nz","gold",241,14.941103533788
2019,"University of Canterbury","nz","green",232,14.3831370117793
2019,"University of Canterbury","nz","bronze",124,7.68753874767514
2019,"University of Canterbury","nz","hybrid",87,5.39367637941724
2019,"University of Canterbury","nz","diamond",38,2.35585864848109
2019,"Auckland University of Technology","nz","closed",819,57.5949367088608
2019,"Auckland University of Technology","nz","gold",233,16.3853727144866
2019,"Auckland University of Technology","nz","green",166,11.6736990154712
2019,"Auckland University of Technology","nz","bronze",87,6.11814345991561
2019,"Auckland University of Technology","nz","hybrid",66,4.64135021097046
2019,"Auckland University of Technology","nz","diamond",51,3.58649789029536
2019,"University of Waikato","nz","closed",681,57.1308724832215
2019,"University of Waikato","nz","green",213,17.8691275167785
2019,"University of Waikato","nz","gold",140,11.744966442953
2019,"University of Waikato","nz","bronze",74,6.20805369127517
2019,"University of Waikato","nz","hybrid",47,3.94295302013423
2019,"University of Waikato","nz","diamond",37,3.10402684563758
2019,"Lincoln University","nz","closed",290,59.7938144329897
2019,"Lincoln University","nz","gold",104,21.4432989690722
2019,"Lincoln University","nz","bronze",35,7.21649484536082
2019,"Lincoln University","nz","hybrid",25,5.15463917525773
2019,"Lincoln University","nz","green",24,4.94845360824742
2019,"Lincoln University","nz","diamond",7,1.44329896907216
2020,"UNSW Sydney","au","closed",5232,46.739324638199
2020,"UNSW Sydney","au","gold",2025,18.0900482401286
2020,"UNSW Sydney","au","green",1892,16.9019117384313
2020,"UNSW Sydney","au","bronze",1150,10.2733607289619
2020,"UNSW Sydney","au","hybrid",646,5.77094872252993
2020,"UNSW Sydney","au","diamond",249,2.22440593174915
2020,"The University of Melbourne","au","closed",5464,41.7609293793947
2020,"The University of Melbourne","au","gold",2647,20.2308162641394
2020,"The University of Melbourne","au","green",2245,17.1583613573831
2020,"The University of Melbourne","au","bronze",1445,11.0440232344849
2020,"The University of Melbourne","au","hybrid",991,7.57413634974014
2020,"The University of Melbourne","au","diamond",292,2.23173341485784
2020,"The University of Sydney","au","closed",6242,48.8266583229036
2020,"The University of Sydney","au","gold",2300,17.991239048811
2020,"The University of Sydney","au","green",1620,12.6720901126408
2020,"The University of Sydney","au","bronze",1591,12.4452440550688
2020,"The University of Sydney","au","hybrid",801,6.26564455569462
2020,"The University of Sydney","au","diamond",230,1.7991239048811
2020,"The University of Queensland","au","closed",5346,49.0278796771827
2020,"The University of Queensland","au","gold",2033,18.6445341159208
2020,"The University of Queensland","au","green",1391,12.7567865003668
2020,"The University of Queensland","au","bronze",1088,9.97798972853998
2020,"The University of Queensland","au","hybrid",808,7.41012472487161
2020,"The University of Queensland","au","diamond",238,2.18268525311812
2020,"The University of Western Australia","au","closed",2563,44.3425605536332
2020,"The University of Western Australia","au","gold",1096,18.961937716263
2020,"The University of Western Australia","au","green",913,15.7958477508651
2020,"The University of Western Australia","au","bronze",734,12.6989619377163
2020,"The University of Western Australia","au","hybrid",370,6.40138408304498
2020,"The University of Western Australia","au","diamond",104,1.79930795847751
2020,"Monash University","au","closed",5476,46.5448363790905
2020,"Monash University","au","gold",1996,16.9655758606035
2020,"Monash University","au","green",1766,15.0106247343816
2020,"Monash University","au","bronze",1484,12.6136846578836
2020,"Monash University","au","hybrid",825,7.0123246918827
2020,"Monash University","au","diamond",218,1.8529536761581
2020,"The University of Adelaide","au","closed",2791,51.5420129270545
2020,"The University of Adelaide","au","gold",953,17.5992613111727
2020,"The University of Adelaide","au","green",658,12.151431209603
2020,"The University of Adelaide","au","bronze",543,10.0277008310249
2020,"The University of Adelaide","au","hybrid",352,6.50046168051708
2020,"The University of Adelaide","au","diamond",118,2.17913204062789
2020,"Australian National University","au","closed",2731,45.3654485049834
2020,"Australian National University","au","green",1163,19.3189368770764
2020,"Australian National University","au","gold",853,14.1694352159468
2020,"Australian National University","au","bronze",734,12.1926910299003
2020,"Australian National University","au","hybrid",405,6.72757475083056
2020,"Australian National University","au","diamond",134,2.22591362126246
2020,"University of Auckland","nz","closed",3132,54.1774779449922
2020,"University of Auckland","nz","gold",1008,17.4364296834458
2020,"University of Auckland","nz","green",648,11.2091333679294
2020,"University of Auckland","nz","bronze",502,8.68361875108113
2020,"University of Auckland","nz","hybrid",363,6.27919045147898
2020,"University of Auckland","nz","diamond",128,2.21414980107248
2020,"University of Otago","nz","closed",1851,50.2579418951941
2020,"University of Otago","nz","gold",769,20.8797176215042
2020,"University of Otago","nz","green",357,9.69318490361119
2020,"University of Otago","nz","bronze",348,9.44881889763779
2020,"University of Otago","nz","hybrid",266,7.22237306543579
2020,"University of Otago","nz","diamond",92,2.49796361661689
2020,"Victoria University of Wellington","nz","closed",1177,52.5446428571429
2020,"Victoria University of Wellington","nz","green",464,20.7142857142857
2020,"Victoria University of Wellington","nz","gold",295,13.1696428571429
2020,"Victoria University of Wellington","nz","bronze",135,6.02678571428571
2020,"Victoria University of Wellington","nz","hybrid",112,5
2020,"Victoria University of Wellington","nz","diamond",57,2.54464285714286
2020,"Massey University","nz","closed",1203,54.5578231292517
2020,"Massey University","nz","gold",459,20.8163265306122
2020,"Massey University","nz","green",223,10.1133786848073
2020,"Massey University","nz","bronze",144,6.53061224489796
2020,"Massey University","nz","hybrid",122,5.5328798185941
2020,"Massey University","nz","diamond",54,2.44897959183673
2020,"University of Canterbury","nz","closed",852,50.653983353151
2020,"University of Canterbury","nz","gold",284,16.884661117717
2020,"University of Canterbury","nz","green",239,14.2092746730083
2020,"University of Canterbury","nz","bronze",152,9.03686087990488
2020,"University of Canterbury","nz","hybrid",112,6.65873959571938
2020,"University of Canterbury","nz","diamond",43,2.55648038049941
2020,"Auckland University of Technology","nz","closed",828,55.8704453441296
2020,"Auckland University of Technology","nz","gold",283,19.0958164642375
2020,"Auckland University of Technology","nz","green",170,11.4709851551957
2020,"Auckland University of Technology","nz","hybrid",81,5.46558704453441
2020,"Auckland University of Technology","nz","bronze",74,4.99325236167341
2020,"Auckland University of Technology","nz","diamond",46,3.10391363022942
2020,"University of Waikato","nz","closed",631,51.5102040816327
2020,"University of Waikato","nz","green",193,15.7551020408163
2020,"University of Waikato","nz","gold",179,14.6122448979592
2020,"University of Waikato","nz","hybrid",108,8.81632653061225
2020,"University of Waikato","nz","bronze",70,5.71428571428571
2020,"University of Waikato","nz","diamond",44,3.59183673469388
2020,"Lincoln University","nz","closed",259,54.4117647058823
2020,"Lincoln University","nz","gold",118,24.7899159663866
2020,"Lincoln University","nz","hybrid",34,7.14285714285714
2020,"Lincoln University","nz","bronze",31,6.51260504201681
2020,"Lincoln University","nz","green",30,6.30252100840336
2020,"Lincoln University","nz","diamond",4,0.840336134453782
2021,"UNSW Sydney","au","closed",5352,45.8062307428963
2021,"UNSW Sydney","au","gold",2474,21.174255391989
2021,"UNSW Sydney","au","green",1764,15.0975693255734
2021,"UNSW Sydney","au","bronze",1035,8.85826771653543
2021,"UNSW Sydney","au","hybrid",797,6.82129407737076
2021,"UNSW Sydney","au","diamond",262,2.24238274563506
2021,"The University of Melbourne","au","closed",5402,39.8025346301208
2021,"The University of Melbourne","au","gold",3140,23.1358679634542
2021,"The University of Melbourne","au","green",2184,16.0919540229885
2021,"The University of Melbourne","au","bronze",1389,10.2343059239611
2021,"The University of Melbourne","au","hybrid",1157,8.52490421455939
2021,"The University of Melbourne","au","diamond",300,2.210433244916
2021,"The University of Sydney","au","closed",5800,45.2030239264282
2021,"The University of Sydney","au","gold",2738,21.3389447432001
2021,"The University of Sydney","au","green",1681,13.1010833138493
2021,"The University of Sydney","au","bronze",1359,10.591536123451
2021,"The University of Sydney","au","hybrid",947,7.38056269971164
2021,"The University of Sydney","au","diamond",306,2.38484919335983
2021,"The University of Queensland","au","closed",5323,47.6715027762852
2021,"The University of Queensland","au","gold",2435,21.8072720759448
2021,"The University of Queensland","au","green",1417,12.6903098692459
2021,"The University of Queensland","au","bronze",952,8.52588214221745
2021,"The University of Queensland","au","hybrid",786,7.03922622246104
2021,"The University of Queensland","au","diamond",253,2.2658069138456
2021,"The University of Western Australia","au","closed",2424,41.5424164524422
2021,"The University of Western Australia","au","gold",1277,21.885175664096
2021,"The University of Western Australia","au","green",923,15.8183376178235
2021,"The University of Western Australia","au","bronze",580,9.94001713796058
2021,"The University of Western Australia","au","hybrid",500,8.56898029134533
2021,"The University of Western Australia","au","diamond",131,2.24507283633248
2021,"Monash University","au","closed",5440,44.2960670955134
2021,"Monash University","au","gold",2512,20.4543603941047
2021,"Monash University","au","green",1869,15.2186304046902
2021,"Monash University","au","bronze",1367,11.1310153896263
2021,"Monash University","au","hybrid",856,6.97011644002931
2021,"Monash University","au","diamond",237,1.92981027603615
2021,"The University of Adelaide","au","closed",2582,49.1061240015215
2021,"The University of Adelaide","au","gold",1081,20.5591479650057
2021,"The University of Adelaide","au","green",644,12.2480030429821
2021,"The University of Adelaide","au","bronze",442,8.40623811335109
2021,"The University of Adelaide","au","hybrid",393,7.47432483834157
2021,"The University of Adelaide","au","diamond",116,2.20616203879802
2021,"Australian National University","au","closed",2646,42.9406037000974
2021,"Australian National University","au","green",1208,19.6040246673158
2021,"Australian National University","au","gold",921,14.9464459591042
2021,"Australian National University","au","bronze",724,11.7494320025966
2021,"Australian National University","au","hybrid",517,8.39013307367738
2021,"Australian National University","au","diamond",146,2.3693605972087
2021,"University of Auckland","nz","closed",3017,51.4582977997612
2021,"University of Auckland","nz","gold",1176,20.0579907896981
2021,"University of Auckland","nz","green",676,11.529933481153
2021,"University of Auckland","nz","hybrid",443,7.55585877537097
2021,"University of Auckland","nz","bronze",417,7.11239979532662
2021,"University of Auckland","nz","diamond",134,2.28551935869009
2021,"University of Otago","nz","closed",1780,48.9010989010989
2021,"University of Otago","nz","gold",867,23.8186813186813
2021,"University of Otago","nz","green",376,10.3296703296703
2021,"University of Otago","nz","hybrid",265,7.28021978021978
2021,"University of Otago","nz","bronze",264,7.25274725274725
2021,"University of Otago","nz","diamond",88,2.41758241758242
2021,"Victoria University of Wellington","nz","closed",1152,51.1772545535318
2021,"Victoria University of Wellington","nz","green",408,18.1252776543758
2021,"Victoria University of Wellington","nz","gold",340,15.1043980453132
2021,"Victoria University of Wellington","nz","hybrid",155,6.88582852065749
2021,"Victoria University of Wellington","nz","bronze",128,5.68636161705908
2021,"Victoria University of Wellington","nz","diamond",68,3.02087960906264
2021,"Massey University","nz","closed",1161,49.5730145175064
2021,"Massey University","nz","gold",598,25.533731853117
2021,"Massey University","nz","green",227,9.69257045260461
2021,"Massey University","nz","hybrid",154,6.57557643040137
2021,"Massey University","nz","bronze",129,5.50811272416738
2021,"Massey University","nz","diamond",73,3.11699402220325
2021,"University of Canterbury","nz","closed",850,48.2680295286769
2021,"University of Canterbury","nz","gold",344,19.534355479841
2021,"University of Canterbury","nz","green",233,13.2311186825667
2021,"University of Canterbury","nz","hybrid",177,10.0511073253833
2021,"University of Canterbury","nz","bronze",120,6.81431005110733
2021,"University of Canterbury","nz","diamond",37,2.10107893242476
2021,"Auckland University of Technology","nz","closed",823,52.055660974067
2021,"Auckland University of Technology","nz","gold",320,20.2403542061986
2021,"Auckland University of Technology","nz","green",176,11.1321948134092
2021,"Auckland University of Technology","nz","hybrid",110,6.95762175838077
2021,"Auckland University of Technology","nz","bronze",102,6.45161290322581
2021,"Auckland University of Technology","nz","diamond",50,3.16255534471853
2021,"University of Waikato","nz","closed",672,52.4590163934426
2021,"University of Waikato","nz","gold",211,16.4715066354411
2021,"University of Waikato","nz","green",183,14.2857142857143
2021,"University of Waikato","nz","hybrid",99,7.72833723653396
2021,"University of Waikato","nz","bronze",61,4.76190476190476
2021,"University of Waikato","nz","diamond",55,4.29352068696331
2021,"Lincoln University","nz","closed",287,54.0489642184557
2021,"Lincoln University","nz","gold",142,26.7419962335217
2021,"Lincoln University","nz","green",34,6.4030131826742
2021,"Lincoln University","nz","hybrid",32,6.02636534839925
2021,"Lincoln University","nz","bronze",26,4.89642184557439
2021,"Lincoln University","nz","diamond",10,1.88323917137476
2022,"UNSW Sydney","au","closed",4611,42.2291418628079
2022,"UNSW Sydney","au","gold",2498,22.8775528894587
2022,"UNSW Sydney","au","hybrid",1463,13.3986628812162
2022,"UNSW Sydney","au","green",1378,12.6202033153219
2022,"UNSW Sydney","au","bronze",685,6.27346826632476
2022,"UNSW Sydney","au","diamond",284,2.60097078487041
2022,"The University of Melbourne","au","closed",4676,37.4229691876751
2022,"The University of Melbourne","au","gold",3169,25.3621448579432
2022,"The University of Melbourne","au","hybrid",2012,16.1024409763906
2022,"The University of Melbourne","au","green",1345,10.7643057222889
2022,"The University of Melbourne","au","bronze",927,7.41896758703481
2022,"The University of Melbourne","au","diamond",366,2.92917166866747
2022,"The University of Sydney","au","closed",4628,39.0713381173491
2022,"The University of Sydney","au","gold",2791,23.5626846770789
2022,"The University of Sydney","au","hybrid",1813,15.3060363022372
2022,"The University of Sydney","au","green",1351,11.4056563951034
2022,"The University of Sydney","au","bronze",970,8.18910932883073
2022,"The University of Sydney","au","diamond",292,2.46517517940059
2022,"The University of Queensland","au","closed",4159,39.8104719058103
2022,"The University of Queensland","au","gold",2448,23.4325643725471
2022,"The University of Queensland","au","hybrid",1628,15.5834210778214
2022,"The University of Queensland","au","green",1209,11.5727002967359
2022,"The University of Queensland","au","bronze",731,6.99722408346894
2022,"The University of Queensland","au","diamond",272,2.60361826361635
2022,"The University of Western Australia","au","closed",2090,37.3881932021467
2022,"The University of Western Australia","au","gold",1329,23.7745974955277
2022,"The University of Western Australia","au","hybrid",879,15.7245080500894
2022,"The University of Western Australia","au","green",721,12.8980322003578
2022,"The University of Western Australia","au","bronze",450,8.05008944543828
2022,"The University of Western Australia","au","diamond",121,2.16457960644007
2022,"Monash University","au","closed",4566,40.0631745196104
2022,"Monash University","au","gold",2567,22.523471088883
2022,"Monash University","au","hybrid",1708,14.9863999298061
2022,"Monash University","au","green",1336,11.7223830832675
2022,"Monash University","au","bronze",919,8.06352548916382
2022,"Monash University","au","diamond",301,2.64104588926911
2022,"The University of Adelaide","au","closed",1990,41.8859187539465
2022,"The University of Adelaide","au","gold",1030,21.6796463902336
2022,"The University of Adelaide","au","hybrid",740,15.575668280362
2022,"The University of Adelaide","au","green",543,11.4291728057251
2022,"The University of Adelaide","au","bronze",340,7.15638812881499
2022,"The University of Adelaide","au","diamond",108,2.2732056409177
2022,"Australian National University","au","closed",2046,38.4514189062206
2022,"Australian National University","au","gold",1038,19.5076113512498
2022,"Australian National University","au","green",804,15.1099417402744
2022,"Australian National University","au","hybrid",804,15.1099417402744
2022,"Australian National University","au","bronze",467,8.7765457620748
2022,"Australian National University","au","diamond",162,3.04454049990603
2022,"University of Auckland","nz","closed",2336,43.3717044188637
2022,"University of Auckland","nz","gold",1250,23.2083178611214
2022,"University of Auckland","nz","hybrid",820,15.2246565168957
2022,"University of Auckland","nz","green",522,9.69179353880431
2022,"University of Auckland","nz","bronze",317,5.88562940958039
2022,"University of Auckland","nz","diamond",141,2.6178982547345
2022,"University of Otago","nz","closed",1276,39.2857142857143
2022,"University of Otago","nz","gold",832,25.615763546798
2022,"University of Otago","nz","hybrid",548,16.871921182266
2022,"University of Otago","nz","green",319,9.82142857142857
2022,"University of Otago","nz","bronze",192,5.91133004926108
2022,"University of Otago","nz","diamond",81,2.49384236453202
2022,"Victoria University of Wellington","nz","closed",1012,46.4220183486239
2022,"Victoria University of Wellington","nz","gold",358,16.4220183486239
2022,"Victoria University of Wellington","nz","hybrid",316,14.4954128440367
2022,"Victoria University of Wellington","nz","green",284,13.0275229357798
2022,"Victoria University of Wellington","nz","bronze",137,6.28440366972477
2022,"Victoria University of Wellington","nz","diamond",73,3.34862385321101
2022,"Massey University","nz","closed",925,42.7646786870088
2022,"Massey University","nz","gold",589,27.2306981044845
2022,"Massey University","nz","hybrid",292,13.4997688395747
2022,"Massey University","nz","green",192,8.87656033287101
2022,"Massey University","nz","bronze",90,4.16088765603329
2022,"Massey University","nz","diamond",75,3.46740638002774
2022,"University of Canterbury","nz","closed",710,42.6426426426426
2022,"University of Canterbury","nz","gold",372,22.3423423423423
2022,"University of Canterbury","nz","hybrid",282,16.9369369369369
2022,"University of Canterbury","nz","green",182,10.9309309309309
2022,"University of Canterbury","nz","bronze",68,4.08408408408408
2022,"University of Canterbury","nz","diamond",51,3.06306306306306
2022,"Auckland University of Technology","nz","closed",599,40.9993155373032
2022,"Auckland University of Technology","nz","gold",360,24.6406570841889
2022,"Auckland University of Technology","nz","hybrid",252,17.2484599589322
2022,"Auckland University of Technology","nz","green",128,8.76112251882272
2022,"Auckland University of Technology","nz","bronze",64,4.38056125941136
2022,"Auckland University of Technology","nz","diamond",58,3.96988364134155
2022,"University of Waikato","nz","closed",587,46.2933753943218
2022,"University of Waikato","nz","gold",240,18.9274447949527
2022,"University of Waikato","nz","hybrid",194,15.2996845425867
2022,"University of Waikato","nz","green",146,11.5141955835962
2022,"University of Waikato","nz","diamond",67,5.28391167192429
2022,"University of Waikato","nz","bronze",34,2.6813880126183
2022,"Lincoln University","nz","closed",202,43.9130434782609
2022,"Lincoln University","nz","gold",158,34.3478260869565
2022,"Lincoln University","nz","hybrid",57,12.3913043478261
2022,"Lincoln University","nz","green",18,3.91304347826087
2022,"Lincoln University","nz","bronze",13,2.82608695652174
2022,"Lincoln University","nz","diamond",12,2.60869565217391
2023,"UNSW Sydney","au","closed",3560,34.84388763825
2023,"UNSW Sydney","au","hybrid",2564,25.0954291866497
2023,"UNSW Sydney","au","gold",2248,22.0025447783107
2023,"UNSW Sydney","au","bronze",760,7.43858275423314
2023,"UNSW Sydney","au","green",759,7.42879514534599
2023,"UNSW Sydney","au","diamond",326,3.19076049721053
2023,"The University of Melbourne","au","closed",3781,30.6352292983309
2023,"The University of Melbourne","au","hybrid",3491,28.2855290876681
2023,"The University of Melbourne","au","gold",3013,24.4125749473343
2023,"The University of Melbourne","au","bronze",1039,8.41840868578836
2023,"The University of Melbourne","au","green",630,5.1045211473019
2023,"The University of Melbourne","au","diamond",388,3.14373683357641
2023,"The University of Sydney","au","closed",3979,33.5497470489039
2023,"The University of Sydney","au","hybrid",3073,25.9106239460371
2023,"The University of Sydney","au","gold",2702,22.7824620573356
2023,"The University of Sydney","au","bronze",1031,8.69308600337268
2023,"The University of Sydney","au","green",771,6.5008431703204
2023,"The University of Sydney","au","diamond",304,2.56323777403035
2023,"The University of Queensland","au","closed",3194,32.2430849989905
2023,"The University of Queensland","au","hybrid",2914,29.4165152432869
2023,"The University of Queensland","au","gold",2288,23.0971128608924
2023,"The University of Queensland","au","bronze",690,6.96547546941248
2023,"The University of Queensland","au","green",525,5.29981829194428
2023,"The University of Queensland","au","diamond",295,2.97799313547345
2023,"The University of Western Australia","au","closed",1798,32.507683963117
2023,"The University of Western Australia","au","hybrid",1504,27.1921894774905
2023,"The University of Western Australia","au","gold",1331,24.0643644910504
2023,"The University of Western Australia","au","bronze",404,7.30428493943229
2023,"The University of Western Australia","au","green",351,6.34604953896221
2023,"The University of Western Australia","au","diamond",143,2.58542758994757
2023,"Monash University","au","closed",3496,31.526738209036
2023,"Monash University","au","hybrid",3139,28.3073315898638
2023,"Monash University","au","gold",2444,22.0398593200469
2023,"Monash University","au","bronze",1004,9.05401749481468
2023,"Monash University","au","green",705,6.3576517269366
2023,"Monash University","au","diamond",301,2.71440165930201
2023,"The University of Adelaide","au","closed",1770,35.0286958242628
2023,"The University of Adelaide","au","hybrid",1396,27.6271521868197
2023,"The University of Adelaide","au","gold",1031,20.4037205620424
2023,"The University of Adelaide","au","bronze",397,7.85671878092222
2023,"The University of Adelaide","au","green",277,5.48189194537898
2023,"The University of Adelaide","au","diamond",182,3.60182070057392
2023,"Australian National University","au","closed",1725,32.7946768060837
2023,"Australian National University","au","hybrid",1470,27.9467680608365
2023,"Australian National University","au","gold",1008,19.1634980988593
2023,"Australian National University","au","green",468,8.89733840304183
2023,"Australian National University","au","bronze",412,7.83269961977186
2023,"Australian National University","au","diamond",177,3.36501901140684
2023,"University of Auckland","nz","closed",2009,37.4743518000373
2023,"University of Auckland","nz","hybrid",1457,27.1777653422869
2023,"University of Auckland","nz","gold",1118,20.8543182242119
2023,"University of Auckland","nz","bronze",343,6.398060063421
2023,"University of Auckland","nz","green",256,4.77522850214512
2023,"University of Auckland","nz","diamond",178,3.32027606789778
2023,"University of Otago","nz","closed",974,31.5516682863622
2023,"University of Otago","nz","hybrid",961,31.1305474570781
2023,"University of Otago","nz","gold",759,24.5869776482021
2023,"University of Otago","nz","bronze",169,5.47457078069323
2023,"University of Otago","nz","green",114,3.69290573372206
2023,"University of Otago","nz","diamond",110,3.56333009394234
2023,"Victoria University of Wellington","nz","closed",770,39.2656807751147
2023,"Victoria University of Wellington","nz","hybrid",516,26.3131055583886
2023,"Victoria University of Wellington","nz","gold",325,16.5731769505354
2023,"Victoria University of Wellington","nz","green",159,8.10810810810811
2023,"Victoria University of Wellington","nz","bronze",111,5.66037735849057
2023,"Victoria University of Wellington","nz","diamond",80,4.07955124936257
2023,"Massey University","nz","closed",634,33.5095137420719
2023,"Massey University","nz","hybrid",584,30.8668076109937
2023,"Massey University","nz","gold",443,23.4143763213531
2023,"Massey University","nz","bronze",90,4.7568710359408
2023,"Massey University","nz","green",73,3.85835095137421
2023,"Massey University","nz","diamond",68,3.59408033826638
2023,"University of Canterbury","nz","closed",624,34.1356673960613
2023,"University of Canterbury","nz","hybrid",603,32.9868708971554
2023,"University of Canterbury","nz","gold",403,22.0459518599562
2023,"University of Canterbury","nz","green",72,3.93873085339168
2023,"University of Canterbury","nz","bronze",71,3.88402625820569
2023,"University of Canterbury","nz","diamond",55,3.00875273522976
2023,"Auckland University of Technology","nz","closed",482,36.4875094625284
2023,"Auckland University of Technology","nz","hybrid",392,29.6744890234671
2023,"Auckland University of Technology","nz","gold",276,20.893262679788
2023,"Auckland University of Technology","nz","diamond",58,4.39061317183952
2023,"Auckland University of Technology","nz","green",57,4.31491294473883
2023,"Auckland University of Technology","nz","bronze",56,4.23921271763815
2023,"University of Waikato","nz","closed",491,40.4781533388294
2023,"University of Waikato","nz","hybrid",347,28.6067600989283
2023,"University of Waikato","nz","gold",232,19.126133553174
2023,"University of Waikato","nz","green",55,4.53421269579555
2023,"University of Waikato","nz","diamond",49,4.03957131079967
2023,"University of Waikato","nz","bronze",39,3.21516900247321
2023,"Lincoln University","nz","closed",169,36.5010799136069
2023,"Lincoln University","nz","hybrid",144,31.1015118790497
2023,"Lincoln University","nz","gold",112,24.1900647948164
2023,"Lincoln University","nz","diamond",13,2.80777537796976
2023,"Lincoln University","nz","green",13,2.80777537796976
2023,"Lincoln University","nz","bronze",12,2.59179265658747
2024,"UNSW Sydney","au","closed",3432,37.8348583397641
2024,"UNSW Sydney","au","hybrid",2717,29.9525961856466
2024,"UNSW Sydney","au","gold",2058,22.687686032411
2024,"UNSW Sydney","au","green",353,3.89152243413075
2024,"UNSW Sydney","au","bronze",258,2.84422886120604
2024,"UNSW Sydney","au","diamond",253,2.78910814684158
2024,"The University of Melbourne","au","closed",3705,34.2200055417013
2024,"The University of Melbourne","au","hybrid",3390,31.3106123579939
2024,"The University of Melbourne","au","gold",2793,25.7966195622056
2024,"The University of Melbourne","au","green",351,3.24189526184539
2024,"The University of Melbourne","au","diamond",347,3.20495058649672
2024,"The University of Melbourne","au","bronze",241,2.22591668975709
2024,"The University of Sydney","au","closed",3829,36.1601662102182
2024,"The University of Sydney","au","hybrid",3131,29.5684200585513
2024,"The University of Sydney","au","gold",2697,25.4698271791482
2024,"The University of Sydney","au","green",369,3.48474832373218
2024,"The University of Sydney","au","diamond",284,2.68202852016243
2024,"The University of Sydney","au","bronze",279,2.63480970818774
2024,"The University of Queensland","au","closed",2970,33.853869827881
2024,"The University of Queensland","au","hybrid",2808,32.0072951099966
2024,"The University of Queensland","au","gold",2166,24.6893878946769
2024,"The University of Queensland","au","green",321,3.65895360765987
2024,"The University of Queensland","au","diamond",256,2.91804399863217
2024,"The University of Queensland","au","bronze",252,2.87244956115354
2024,"The University of Western Australia","au","closed",1663,35.307855626327
2024,"The University of Western Australia","au","hybrid",1395,29.6178343949045
2024,"The University of Western Australia","au","gold",1285,27.2823779193206
2024,"The University of Western Australia","au","green",151,3.20594479830149
2024,"The University of Western Australia","au","diamond",112,2.37791932059448
2024,"The University of Western Australia","au","bronze",104,2.20806794055202
2024,"Monash University","au","closed",3378,34.9798073936005
2024,"Monash University","au","hybrid",3097,32.0700010355183
2024,"Monash University","au","gold",2289,23.7030133581858
2024,"Monash University","au","green",343,3.55182768975872
2024,"Monash University","au","bronze",307,3.17904111007559
2024,"Monash University","au","diamond",243,2.51630941286114
2024,"The University of Adelaide","au","closed",1689,39.178844815588
2024,"The University of Adelaide","au","hybrid",1306,30.2945952215263
2024,"The University of Adelaide","au","gold",872,20.2273254465321
2024,"The University of Adelaide","au","bronze",168,3.89700765483647
2024,"The University of Adelaide","au","green",150,3.4794711203897
2024,"The University of Adelaide","au","diamond",126,2.92275574112735
2024,"Australian National University","au","closed",1420,33.1930808789154
2024,"Australian National University","au","hybrid",1353,31.6269284712482
2024,"Australian National University","au","gold",997,23.3052828424497
2024,"Australian National University","au","green",215,5.02571294997662
2024,"Australian National University","au","bronze",158,3.69331463300608
2024,"Australian National University","au","diamond",135,3.15568022440393
2024,"University of Auckland","nz","closed",1671,37.8653976886472
2024,"University of Auckland","nz","hybrid",1381,31.2939043734421
2024,"University of Auckland","nz","gold",974,22.0711534103784
2024,"University of Auckland","nz","diamond",139,3.14978472694312
2024,"University of Auckland","nz","bronze",133,3.01382279628371
2024,"University of Auckland","nz","green",115,2.60593700430546
2024,"University of Otago","nz","closed",875,32.9815303430079
2024,"University of Otago","nz","hybrid",848,31.9638145495665
2024,"University of Otago","nz","gold",654,24.6513381078025
2024,"University of Otago","nz","bronze",114,4.29702223897475
2024,"University of Otago","nz","diamond",94,3.54315868827742
2024,"University of Otago","nz","green",68,2.5631360723709
2024,"Victoria University of Wellington","nz","closed",649,40.9722222222222
2024,"Victoria University of Wellington","nz","hybrid",475,29.9873737373737
2024,"Victoria University of Wellington","nz","gold",264,16.6666666666667
2024,"Victoria University of Wellington","nz","diamond",75,4.73484848484848
2024,"Victoria University of Wellington","nz","green",68,4.29292929292929
2024,"Victoria University of Wellington","nz","bronze",53,3.3459595959596
2024,"Massey University","nz","hybrid",516,35.6599861782999
2024,"Massey University","nz","closed",412,28.4727021423635
2024,"Massey University","nz","gold",361,24.9481686247408
2024,"Massey University","nz","bronze",70,4.83759502418798
2024,"Massey University","nz","diamond",62,4.28472702142364
2024,"Massey University","nz","green",26,1.79682100898411
2024,"University of Canterbury","nz","hybrid",464,33.5502530730296
2024,"University of Canterbury","nz","closed",460,33.2610267534346
2024,"University of Canterbury","nz","gold",320,23.1381055676067
2024,"University of Canterbury","nz","diamond",51,3.68763557483731
2024,"University of Canterbury","nz","bronze",44,3.18148951554591
2024,"University of Canterbury","nz","green",44,3.18148951554591
2024,"Auckland University of Technology","nz","closed",372,35.632183908046
2024,"Auckland University of Technology","nz","gold",296,28.3524904214559
2024,"Auckland University of Technology","nz","hybrid",287,27.4904214559387
2024,"Auckland University of Technology","nz","diamond",43,4.11877394636015
2024,"Auckland University of Technology","nz","bronze",28,2.68199233716475
2024,"Auckland University of Technology","nz","green",18,1.72413793103448
2024,"University of Waikato","nz","hybrid",353,39.0055248618785
2024,"University of Waikato","nz","closed",310,34.2541436464088
2024,"University of Waikato","nz","gold",161,17.7900552486188
2024,"University of Waikato","nz","green",32,3.53591160220995
2024,"University of Waikato","nz","diamond",29,3.20441988950276
2024,"University of Waikato","nz","bronze",20,2.20994475138122
2024,"Lincoln University","nz","hybrid",140,35.6234096692112
2024,"Lincoln University","nz","gold",117,29.7709923664122
2024,"Lincoln University","nz","closed",105,26.7175572519084
2024,"Lincoln University","nz","bronze",13,3.30788804071247
2024,"Lincoln University","nz","diamond",11,2.79898218829517
2024,"Lincoln University","nz","green",7,1.78117048346056
